<?xml version="1.0" encoding="UTF-8"?>
<project-private xmlns="http://www.netbeans.org/ns/project-private/1">
    <open-files xmlns="http://www.netbeans.org/ns/projectui-open-files/2">
        <group>
            <file>file:/C:/Users/RC_Student_lab/Documents/NetBeansProjects/com.mycompany.application/src/com/mycompany/application/Registration.java</file>
            <file>file:/C:/Users/RC_Student_lab/Documents/NetBeansProjects/com.mycompany.application/src/com/mycompany/application/Application.java</file>
            <file>file:/C:/Users/RC_Student_lab/Documents/NetBeansProjects/com.mycompany.application/src/com/mycompany/application/Login.java</file>
            <file>file:/C:/Users/RC_Student_lab/Documents/NetBeansProjects/com.mycompany.application/src/com/mycompany/application/MessageHandler.java</file>
            <file>file:/C:/Users/RC_Student_lab/Documents/NetBeansProjects/com.mycompany.application/test/com/mycompany/application/LoginTest.java</file>
        </group>
    </open-files>
</project-private>
